{
  "Blur/Sharpness": -100.0,
  "Contrast": 58.55813953488372,
  "Brightness": -4.6511627906976685,
  "Smoothness": 60.860465116279066,
  "Binarize": false,
  "Denoise SP": false
}
