{"Blur/Sharpness": -60.46511627906977, "Contrast": 68.9186046511628, "Brightness": -6.976744186046517, "Smoothness": 96.54651162790698, "Binarize": true}