{"Blur/Sharpness": -73.21428571428572, "Contrast": 60.223214285714285, "Brightness": 65.78571428571428, "Smoothness": 58.455357142857146, "Binarize": true}