{"Blur/Sharpness": -11.627906976744185, "Contrast": 49.348837209302324, "Brightness": -16.279069767441854, "Smoothness": 72.37209302325581, "Binarize": false}