{"Blur/Sharpness": -100.0, "Contrast": 33.36046511627907, "Brightness": 29.906976744186053, "Smoothness": 55.80232558139535, "Binarize": false, "Denoise SP": true}