{"Blur/Sharpness": -46.162790697674424, "Contrast": 43.68604651162791, "Brightness": -46.51162790697675, "Smoothness": 38.2906976744186, "Binarize": true}