Frame,Time(s),Tracker,x (px),y (px)
1,0.052667,1,625,535
1,0.052667,2,1026,548
1,0.052667,3,1324,544
2,0.105334,1,625,535
2,0.105334,3,1324,544
3,0.158001,2,1026,548
3,0.158001,3,1323,544
4,0.210668,1,625,535
4,0.210668,3,1323,544
5,0.263335,1,625,535
5,0.263335,3,1323,544
6,0.316002,3,1323,544
7,0.368669,1,625,535
