Frame,Time(s),Tracker,x (px),y (px)
1,0.052667,1,1332,541
1,0.052667,2,993,550
1,0.052667,3,637,544
2,0.105334,2,993,550
2,0.105334,3,637,544
3,0.158001,2,993,550
3,0.158001,3,637,544
4,0.210668,1,1332,541
4,0.210668,3,637,544
5,0.263335,2,993,550
5,0.263335,3,637,544
6,0.316002,1,1332,541
6,0.316002,2,993,550
6,0.316002,3,637,544
7,0.368669,1,1332,541
7,0.368669,2,993,550
7,0.368669,3,637,544
8,0.421336,1,1332,541
8,0.421336,3,636,544
